datetime,가격,등락률,grade
2019-12-31,18328.0,0.0,상
2020-01-02,18209.0,-0.65,상
2020-01-03,18323.0,0.63,상
2020-01-06,18209.0,-0.62,상
2020-01-07,18170.0,-0.21,상
2020-01-08,18351.0,1.0,상
2020-01-09,18384.0,0.18,상
2020-01-10,18384.0,0.0,상
2020-01-13,18016.0,-2.0,상
2020-01-14,18122.0,0.59,상
2020-01-15,18042.0,-0.44,상
2020-01-16,18577.0,2.97,상
2020-01-17,18758.0,0.97,상
2020-01-20,19534.0,4.14,상
2020-01-21,20065.0,2.72,상
2020-01-22,20336.0,1.35,상
2020-01-23,21424.0,5.35,상
2020-01-28,21036.0,-1.81,상
2020-01-29,20934.0,-0.48,상
2020-01-30,20289.0,-3.08,상
2020-01-31,20289.0,0.0,상
2020-02-03,19825.0,-2.29,상
2020-02-04,20019.0,0.98,상
2020-02-05,19847.0,-0.86,상
2020-02-06,19963.0,0.58,상
2020-02-07,20335.0,1.86,상
2020-02-10,20047.0,-1.42,상
2020-02-11,19976.0,-0.35,상
2020-02-12,19976.0,0.0,상
2020-02-13,20073.0,0.49,상
2020-02-14,20495.0,2.1,상
2020-02-17,20939.0,2.17,상
2020-02-18,20641.0,-1.42,상
2020-02-19,20641.0,0.0,상
2020-02-20,20047.0,-2.88,상
2020-02-21,20422.0,1.87,상
2020-02-24,20134.0,-1.41,상
2020-02-25,20079.0,-0.27,상
2020-02-26,20277.0,0.99,상
2020-02-27,19693.0,-2.88,상
2020-02-28,20114.0,2.14,상
2020-03-02,19792.0,-1.6,상
2020-03-03,19532.0,-1.31,상
2020-03-04,19777.0,1.25,상
2020-03-05,19592.0,-0.94,상
2020-03-06,19592.0,0.0,상
2020-03-09,19722.0,0.66,상
2020-03-10,19659.0,-0.32,상
2020-03-11,19650.0,-0.05,상
2020-03-12,19644.0,-0.03,상
2020-03-13,19797.0,0.78,상
2020-03-16,19709.0,-0.44,상
2020-03-17,19644.0,-0.33,상
2020-03-18,19738.0,0.48,상
2020-03-19,20156.0,2.12,상
2020-03-20,20081.0,-0.37,상
2020-03-23,19859.0,-1.11,상
2020-03-24,19859.0,0.0,상
2020-03-25,19859.0,0.0,상
2020-03-26,20048.0,0.95,상
2020-03-27,20048.0,0.0,상
2020-03-30,20181.0,0.66,상
2020-03-31,20065.0,-0.57,상
2020-04-01,20065.0,0.0,상
2020-04-02,19956.0,-0.54,상
2020-04-03,20108.0,0.76,상
2020-04-06,20265.0,0.78,상
2020-04-07,20294.0,0.14,상
2020-04-08,20446.0,0.75,상
2020-04-09,20431.0,-0.07,상
2020-04-10,20446.0,0.07,상
2020-04-13,20561.0,0.56,상
2020-04-14,20779.0,1.06,상
2020-04-16,20431.0,-1.67,상
2020-04-17,20357.0,-0.36,상
2020-04-20,20293.0,-0.31,상
2020-04-21,20293.0,0.0,상
2020-04-22,20293.0,0.0,상
2020-04-23,20521.0,1.12,상
2020-04-24,20521.0,0.0,상
2020-04-27,20554.0,0.16,상
2020-04-28,20723.0,0.82,상
2020-04-29,20723.0,0.0,상
2020-05-04,20844.0,0.58,상
2020-05-06,20963.0,0.57,상
2020-05-07,21006.0,0.21,상
2020-05-08,20948.0,-0.28,상
2020-05-11,21080.0,0.63,상
2020-05-12,21148.0,0.32,상
2020-05-13,21294.0,0.69,상
2020-05-14,21366.0,0.34,상
2020-05-15,21503.0,0.64,상
2020-05-18,21926.0,1.97,상
2020-05-19,21946.0,0.09,상
2020-05-20,21946.0,0.0,상
2020-05-21,21766.0,-0.82,상
2020-05-22,21719.0,-0.22,상
2020-05-25,21673.0,-0.21,상
2020-05-26,21836.0,0.75,상
2020-05-27,21750.0,-0.39,상
2020-05-28,21911.0,0.74,상
2020-05-29,21825.0,0.0,상
2020-05-29,21825.0,-0.39,상
2020-06-01,21936.0,0.51,상
2020-06-02,22242.0,1.39,상
2020-06-03,22242.0,0.0,상
2020-06-04,22642.0,1.8,상
2020-06-05,22719.0,0.34,상
2020-06-08,22556.0,-0.72,상
2020-06-09,22633.0,0.34,상
2020-06-10,22639.0,0.03,상
2020-06-11,22668.0,0.13,상
2020-06-12,22796.0,0.56,상
2020-06-15,22913.0,0.51,상
2020-06-16,22913.0,0.0,상
2020-06-17,22913.0,0.0,상
2020-06-18,23046.0,0.58,상
2020-06-19,23107.0,0.26,상
2020-06-22,23331.0,0.97,상
2020-06-23,23485.0,0.66,상
2020-06-24,23661.0,0.75,상
2020-06-25,23622.0,-0.16,상
2020-06-26,23822.0,0.85,상
2020-06-29,23822.0,0.0,상
2020-06-30,24035.0,0.89,상
2020-07-01,24035.0,0.0,상
2020-07-02,24049.0,0.06,상
2020-07-03,24546.0,2.07,상
2020-07-06,24750.0,0.83,상
2020-07-07,25205.0,1.84,상
2020-07-08,25368.0,0.65,상
2020-07-09,25508.0,0.55,상
2020-07-10,25571.0,0.25,상
2020-07-13,25693.0,0.48,상
2020-07-14,25981.0,1.12,상
2020-07-15,25767.0,-0.82,상
2020-07-16,26267.0,1.94,상
2020-07-17,26395.0,0.49,상
2020-07-20,26347.0,-0.18,상
2020-07-21,26638.0,1.1,상
2020-07-22,26638.0,0.0,상
2020-07-23,26753.0,0.43,상
2020-07-24,26753.0,0.0,상
2020-07-27,27032.0,1.04,상
2020-07-28,27139.0,0.4,상
2020-07-29,27139.0,0.0,상
2020-07-30,27139.0,0.0,상
2020-07-31,27522.0,1.41,상
2020-08-03,27522.0,0.0,상
2020-08-04,27597.0,0.27,상
2020-08-05,27486.0,-0.4,상
2020-08-06,27688.0,0.73,상
2020-08-07,28206.0,1.87,상
2020-08-10,28111.0,-0.34,상
2020-08-11,27917.0,-0.69,상
2020-08-12,28104.0,0.67,상
2020-08-13,28398.0,1.05,상
2020-08-14,28398.0,0.0,상
2020-08-18,27429.0,-3.41,상
2020-08-19,26650.0,-2.84,상
2020-08-20,26650.0,0.0,상
2020-08-21,26485.0,-0.62,상
2020-08-24,26485.0,0.0,상
2020-08-25,26485.0,0.0,상
2020-08-26,26930.0,1.68,상
2020-08-27,26186.0,-2.76,상
2020-10-23,29583.0,12.97,상
2020-10-26,29968.0,1.3,상
2020-10-27,29575.0,-1.31,상
2020-10-28,29782.0,0.7,상
2020-10-29,29782.0,0.0,상
2020-10-30,29599.0,0.0,상
2020-10-30,29599.0,-0.61,상
2020-11-02,29710.0,0.38,상
2020-11-03,29527.0,-0.62,상
2020-11-04,29604.0,0.26,상
2020-11-05,29582.0,-0.07,상
2020-11-06,29582.0,0.0,상
2020-11-09,27917.0,-5.63,상
2020-11-10,27770.0,-0.53,상
2020-11-11,27507.0,-0.95,상
2020-11-12,27138.0,-1.34,상
2020-11-13,27138.0,0.0,상
2020-11-16,26982.0,-0.57,상
2020-11-17,27067.0,0.32,상
2020-11-18,27147.0,0.3,상
2020-11-19,27147.0,0.0,상
2020-11-20,27147.0,0.0,상
2020-11-23,27108.0,-0.14,상
2020-11-24,27108.0,0.0,상
2020-11-25,27108.0,0.0,상
2020-11-26,26775.0,-1.23,상
2020-11-27,26775.0,0.0,상
2020-11-30,26775.0,0.0,상
2020-12-01,26775.0,0.0,상
2020-12-02,26775.0,0.0,상
2020-12-03,26624.0,-0.56,상
2020-12-07,26397.0,-0.85,상
2020-12-08,26397.0,0.0,상
2020-12-09,26347.0,-0.19,상
2020-12-10,26483.0,0.52,상
2020-12-11,26424.0,-0.22,상
2020-12-14,26574.0,0.57,상
2020-12-15,26729.0,0.58,상
2020-12-16,27692.0,3.6,상
2020-12-17,27692.0,0.0,상
2020-12-18,27692.0,0.0,상
2020-12-21,28117.0,1.53,상
2020-12-22,28198.0,0.29,상
2020-12-23,27907.0,-1.03,상
2020-12-24,27780.0,-0.46,상
2020-12-28,27889.0,0.39,상
2020-12-29,27846.0,-0.15,상
2020-12-30,27846.0,0.0,상
2020-12-31,27898.0,0.19,상
2021-01-04,27941.0,0.15,상
2021-01-05,27941.0,0.0,상
2021-01-06,28018.0,0.28,상
2021-01-07,28018.0,0.0,상
2021-01-08,28314.0,1.06,상
2021-01-11,28280.0,-0.12,상
2021-01-12,28545.0,0.94,상
2021-01-13,29019.0,1.66,상
2021-01-14,29829.0,2.79,상
2021-01-15,30343.0,1.72,상
2021-01-18,30914.0,1.88,상
2021-01-19,31067.0,0.49,상
2021-01-20,31635.0,1.83,상
2021-01-21,32030.0,1.25,상
2021-01-22,32030.0,0.0,상
2021-01-25,32111.0,0.25,상
2021-01-26,32111.0,0.0,상
2021-01-27,33059.0,2.95,상
2021-01-28,33511.0,1.37,상
2021-01-29,33511.0,0.0,상
2021-02-01,33780.0,0.8,상
2021-02-02,33780.0,0.0,상
2021-02-03,34080.0,0.89,상
2021-02-04,36233.0,6.32,상
2021-02-05,36549.0,0.87,상
2021-02-08,35722.0,-2.26,상
2021-02-09,36294.0,1.6,상
2021-02-10,36277.0,-0.05,상
2021-02-15,34473.0,-4.97,상
2021-02-16,33924.0,-1.59,상
2021-02-17,33869.0,-0.16,상
2021-02-18,34213.0,1.02,상
2021-02-19,34006.0,-0.61,상
2021-02-22,34037.0,0.09,상
2021-02-23,34153.0,0.34,상
2021-02-24,34153.0,0.0,상
2021-02-25,33640.0,-1.5,상
2021-02-26,33523.0,-0.35,상
2021-03-02,33024.0,-1.49,상
2021-03-03,32986.0,-0.12,상
2021-03-04,33154.0,0.51,상
2021-03-05,33397.0,0.73,상
2021-03-08,33259.0,-0.41,상
2021-03-09,32820.0,-1.32,상
2021-03-10,32820.0,0.0,상
2021-03-11,32389.0,-1.31,상
2021-03-12,32521.0,0.41,상
2021-03-15,32725.0,0.63,상
2021-03-16,33196.0,1.44,상
2021-03-17,33196.0,0.0,상
2021-03-18,33196.0,0.0,상
2021-03-19,33196.0,0.0,상
2021-03-22,33378.0,0.55,상
2021-03-23,33528.0,0.45,상
2021-03-24,33515.0,-0.04,상
2021-03-25,33515.0,0.0,상
2021-03-26,33515.0,0.0,상
2021-03-29,33931.0,1.24,상
2021-03-30,33931.0,0.0,상
2021-03-31,34036.0,0.0,상
2021-03-31,34036.0,0.31,상
2021-04-01,34759.0,2.12,상
2021-04-02,34627.0,-0.38,상
2021-04-05,34640.0,0.04,상
2021-04-06,34640.0,0.0,상
2021-04-07,34642.0,0.01,상
2021-04-08,34523.0,-0.34,상
2021-04-09,34665.0,0.41,상
2021-04-12,34223.0,-1.28,상
2021-04-13,34223.0,0.0,상
2021-04-14,34237.0,0.04,상
2021-04-15,34130.0,-0.31,상
2021-04-16,33818.0,-0.91,상
2021-04-19,33818.0,0.0,상
2021-04-20,33818.0,0.0,상
2021-04-21,33818.0,0.0,상
2021-04-22,33937.0,0.35,상
2021-04-23,34242.0,0.9,상
2021-04-26,34242.0,0.0,상
2021-04-27,34242.0,0.0,상
2021-04-28,34242.0,0.0,상
2021-04-29,34578.0,0.98,상
2021-04-30,34578.0,0.0,상
2021-05-03,34140.0,-1.27,상
2021-05-04,34217.0,0.23,상
2021-05-06,34314.0,0.28,상
2021-05-07,34323.0,0.03,상
2021-05-10,34323.0,0.0,상
2021-05-11,34314.0,-0.03,상
2021-05-12,34792.0,1.39,상
2021-05-13,34323.0,-1.35,상
2021-05-14,34404.0,0.24,상
2021-05-17,34404.0,0.0,상
2021-05-18,34404.0,0.0,상
2021-05-20,34061.0,-1.0,상
2021-05-21,33782.0,-0.82,상
2021-05-24,33254.0,-1.56,상
2021-05-25,33254.0,0.0,상
2021-05-26,33348.0,0.28,상
2021-05-27,32733.0,-1.84,상
2021-05-28,31880.0,-2.61,상
2021-05-31,31512.0,-1.15,상
2021-06-01,31631.0,0.38,상
2021-06-02,32531.0,2.85,상
2021-06-03,32284.0,-0.76,상
2021-06-04,32565.0,0.87,상
2021-06-07,33733.0,3.59,상
2021-06-08,33733.0,0.0,상
2021-06-09,33733.0,0.0,상
2021-06-10,33891.0,0.47,상
2021-06-11,33891.0,0.0,상
2021-06-14,33891.0,0.0,상
2021-06-15,33891.0,0.0,상
2021-06-16,34154.0,0.78,상
2021-06-17,34154.0,0.0,상
2021-06-18,34154.0,0.0,상
2021-06-21,34154.0,0.0,상
2021-06-22,34049.0,-0.31,상
2021-06-23,33917.0,-0.39,상
2021-06-24,33447.0,-1.39,상
2021-06-25,33140.0,-0.92,상
2021-06-28,33140.0,0.0,상
2021-06-29,33140.0,0.0,상
2021-06-30,33447.0,0.93,상
2021-07-01,33505.0,0.17,상
2021-07-02,33380.0,-0.37,상
2021-07-05,33505.0,0.37,상
2021-07-06,33255.0,-0.75,상
2021-07-07,33270.0,0.05,상
2021-07-08,33145.0,-0.38,상
2021-07-09,32343.0,-2.42,상
2021-07-12,33033.0,2.13,상
2021-07-13,33033.0,0.0,상
2021-07-14,32771.0,-0.79,상
2021-07-15,33019.0,0.76,상
2021-07-16,33019.0,0.0,상
2021-07-19,34194.0,3.56,상
2021-07-20,34029.0,-0.48,상
2021-07-21,34029.0,0.0,상
2021-07-22,34029.0,0.0,상
2021-07-23,34029.0,0.0,상
2021-07-26,33469.0,-1.65,상
2021-07-27,33469.0,0.0,상
2021-07-28,32867.0,-1.8,상
2021-07-29,32867.0,0.0,상
2021-07-30,33017.0,0.46,상
2021-08-02,32945.0,-0.22,상
2021-08-03,32895.0,-0.15,상
2021-08-04,32770.0,-0.38,상
2021-08-05,32726.0,-0.13,상
2021-08-06,32544.0,-0.56,상
2021-08-09,31869.0,-2.07,상
2021-08-10,31830.0,-0.12,상
2021-08-11,31830.0,0.0,상
2021-08-12,31580.0,-0.79,상
2021-08-13,31202.0,-1.2,상
2021-08-17,30476.0,-2.33,상
2021-08-18,31205.0,2.39,상
2021-08-19,30667.0,-1.72,상
2021-08-20,30256.0,-1.34,상
2021-08-23,31236.0,3.24,상
2021-08-24,31159.0,-0.25,상
2021-08-25,29020.0,-6.86,상
2021-08-26,30710.0,5.82,상
2021-11-03,27084.0,0.0,상
2021-11-04,26869.0,-0.79,상
2021-11-05,25625.0,-4.63,상
2021-11-08,25260.0,-1.42,상
2021-11-09,25249.0,-0.04,상
2021-11-10,25249.0,0.0,상
2021-11-11,25327.0,0.31,상
2021-11-12,25461.0,0.53,상
2021-11-15,26144.0,2.68,상
2021-11-16,26099.0,-0.17,상
2021-11-17,26127.0,0.11,상
2021-11-18,26434.0,1.18,상
2021-11-19,26434.0,0.0,상
2021-11-22,25536.0,-3.4,상
2021-11-23,25371.0,-0.65,상
2021-11-24,25294.0,-0.3,상
2021-11-25,25173.0,-0.48,상
2021-11-26,25173.0,0.0,상
2021-11-29,25874.0,2.78,상
2021-11-30,26036.0,0.63,상
2021-12-01,26036.0,0.0,상
2021-12-02,25993.0,-0.17,상
2021-12-06,26170.0,0.68,상
2021-12-07,26170.0,0.0,상
2021-12-08,26170.0,0.0,상
2021-12-09,26170.0,0.0,상
2021-12-10,26300.0,0.5,상
2021-12-13,26220.0,-0.3,상
2021-12-14,26220.0,0.0,상
2021-12-15,26220.0,0.0,상
2021-12-16,26355.0,0.51,상
2021-12-17,26023.0,-1.26,상
2021-12-20,26023.0,0.0,상
2021-12-21,26065.0,0.16,상
2021-12-22,26065.0,0.0,상
2021-12-23,26065.0,0.0,상
2021-12-24,26065.0,0.0,상
2021-12-27,26065.0,0.0,상
2021-12-28,26065.0,0.0,상
2021-12-29,25694.0,-1.42,상
2021-12-30,25694.0,0.0,상
2021-12-31,25796.0,0.4,상
2022-01-03,25796.0,0.0,상
2022-01-04,25796.0,0.0,상
2022-01-05,25846.0,0.19,상
2022-01-06,25846.0,0.0,상
2022-01-07,26336.0,1.9,상
2022-01-10,26626.0,1.1,상
2022-01-11,26377.0,-0.94,상
2022-01-12,26216.0,-0.61,상
2022-01-13,26059.0,-0.6,상
2022-01-14,26297.0,0.91,상
2022-01-17,26893.0,2.27,상
2022-01-18,27060.0,0.62,상
2022-01-19,27069.0,0.03,상
2022-01-20,26660.0,-1.51,상
2022-01-21,26569.0,-0.34,상
2022-01-24,27410.0,3.17,상
2022-01-25,27410.0,0.0,상
2022-01-26,27410.0,0.0,상
2022-01-27,27239.0,-0.62,상
2022-01-28,27095.0,0.0,상
2022-01-28,27095.0,-0.53,상
2022-02-03,28090.0,3.67,상
2022-02-04,27758.0,-1.18,상
2022-02-07,26503.0,-4.52,상
2022-02-08,26375.0,-0.48,상
2022-02-09,26375.0,0.0,상
2022-02-10,26342.0,-0.13,상
2022-02-11,26342.0,0.0,상
2022-02-14,26340.0,-0.01,상
2022-02-15,26202.0,-0.52,상
2022-02-16,26160.0,-0.16,상
2022-02-17,25968.0,-0.73,상
2022-02-18,25968.0,0.0,상
2022-02-21,26756.0,3.03,상
2022-02-22,26851.0,0.36,상
2022-02-23,26851.0,0.0,상
2022-02-24,26699.0,-0.57,상
2022-02-25,27023.0,1.21,상
2022-02-28,27023.0,0.0,상
2022-03-02,27724.0,2.59,상
2022-03-03,27644.0,-0.29,상
2022-03-04,27724.0,0.29,상
2022-03-07,27881.0,0.57,상
2022-03-08,27791.0,-0.32,상
2022-03-10,27639.0,-0.55,상
2022-03-11,27554.0,-0.31,상
2022-03-14,27504.0,-0.18,상
2022-03-15,27504.0,0.0,상
2022-03-16,27504.0,0.0,상
2022-03-17,26500.0,-3.65,상
2022-03-18,26500.0,0.0,상
2022-03-21,26740.0,0.91,상
2022-03-22,26740.0,0.0,상
2022-03-23,26740.0,0.0,상
2022-03-24,27245.0,1.89,상
2022-03-25,27351.0,0.39,상
2022-03-28,27351.0,0.0,상
2022-03-29,27560.0,0.76,상
2022-03-30,27687.0,0.46,상
2022-03-31,27068.0,-2.24,상
2022-04-01,27009.0,-0.22,상
2022-04-04,27009.0,0.0,상
2022-04-05,27090.0,0.3,상
2022-04-06,27272.0,0.67,상
2022-04-07,27488.0,0.79,상
2022-04-08,27375.0,-0.41,상
2022-04-11,27521.0,0.53,상
2022-04-12,27521.0,0.0,상
2022-04-13,27521.0,0.0,상
2022-04-14,27783.0,0.95,상
2022-04-15,28031.0,0.89,상
2022-04-18,28162.0,0.47,상
2022-04-19,28325.0,0.58,상
2022-04-20,28325.0,0.0,상
2022-04-21,28325.0,0.0,상
2022-04-22,28325.0,0.0,상
2022-04-25,28575.0,0.88,상
2022-04-26,28655.0,0.28,상
2022-04-27,28655.0,0.0,상
2022-04-28,28655.0,0.0,상
2022-04-29,28735.0,0.28,상
2022-05-02,28735.0,0.0,상
2022-05-03,28802.0,0.23,상
2022-05-04,28802.0,0.0,상
2022-05-06,28802.0,0.0,상
2022-05-09,28657.0,-0.5,상
2022-05-10,28717.0,0.21,상
2022-05-11,28717.0,0.0,상
2022-05-12,28539.0,-0.62,상
2022-05-13,28377.0,-0.57,상
2022-05-16,28377.0,0.0,상
2022-05-17,28355.0,-0.08,상
2022-05-18,28355.0,0.0,상
2022-05-19,27865.0,-1.73,상
2022-05-20,27750.0,-0.41,상
2022-05-23,28073.0,1.16,상
2022-05-24,28073.0,0.0,상
2022-05-25,28208.0,0.48,상
2022-05-26,28208.0,0.0,상
2022-05-27,28303.0,0.34,상
2022-05-30,28303.0,0.0,상
2022-05-31,28090.0,-0.75,상
2022-06-02,28238.0,0.53,상
2022-06-03,28405.0,0.59,상
2022-06-07,28169.0,-0.83,상
2022-06-08,28169.0,0.0,상
2022-06-09,28320.0,0.54,상
2022-06-10,28320.0,0.0,상
2022-06-13,28563.0,0.86,상
2022-06-14,28640.0,0.27,상
2022-06-15,27922.0,-2.51,상
2022-06-16,28737.0,2.92,상
2022-06-17,28495.0,-0.84,상
2022-06-20,29098.0,2.12,상
2022-06-21,29413.0,1.08,상
2022-06-22,29413.0,0.0,상
2022-06-23,29356.0,-0.19,상
2022-06-24,29294.0,-0.21,상
2022-06-27,29614.0,1.09,상
2022-06-28,29232.0,-1.29,상
2022-06-29,29363.0,0.45,상
2022-06-30,29306.0,-0.19,상
2022-06-30,29306.0,0.0,상
2022-07-01,29678.0,1.27,상
2022-07-04,29814.0,0.46,상
2022-07-05,29678.0,-0.46,상
2022-07-06,29463.0,-0.72,상
2022-07-07,30020.0,1.89,상
2022-07-08,30020.0,0.0,상
2022-07-11,30163.0,0.48,상
2022-07-12,30163.0,0.0,상
2022-07-13,30434.0,0.9,상
2022-07-14,29834.0,-1.97,상
2022-07-15,29834.0,0.0,상
2022-07-18,29858.0,0.08,상
2022-07-19,30037.0,0.6,상
2022-07-20,30037.0,0.0,상
2022-07-21,30037.0,0.0,상
2022-07-22,30037.0,0.0,상
2022-07-25,30037.0,0.0,상
2022-07-26,29660.0,-1.26,상
2022-07-27,29660.0,0.0,상
2022-07-28,29660.0,0.0,상
2022-07-29,29660.0,0.0,상
2022-08-01,29951.0,0.98,상
2022-08-02,30038.0,0.29,상
2022-08-03,29906.0,-0.44,상
2022-08-04,29906.0,0.0,상
2022-08-05,29901.0,-0.02,상
2022-08-08,30537.0,2.13,상
2022-08-09,30798.0,0.85,상
2022-08-10,30848.0,0.16,상
2022-08-11,31091.0,0.79,상
2022-08-12,30357.0,-2.36,상
2022-08-16,30556.0,0.66,상
2022-08-17,30372.0,-0.6,상
2022-08-18,30787.0,1.37,상
2022-08-19,30787.0,0.0,상
2022-08-22,31843.0,3.43,상
2022-08-23,32027.0,0.58,상
2022-10-25,25418.0,-20.64,상
2022-10-26,24702.0,-2.82,상
2022-10-27,22384.0,-9.38,상
2022-10-28,22521.0,0.61,상
2022-10-31,23066.0,2.42,상
2022-11-01,23048.0,-0.08,상
2022-11-02,23025.0,-0.1,상
2022-11-03,23027.0,0.01,상
2022-11-04,22940.0,-0.38,상
2022-11-07,22880.0,-0.26,상
2022-11-08,22880.0,0.0,상
2022-11-09,22649.0,-1.01,상
2022-11-10,22649.0,0.0,상
2022-11-11,22649.0,0.0,상
2022-11-14,22560.0,-0.39,상
2022-11-15,22586.0,0.12,상
2022-11-16,22717.0,0.58,상
2022-11-17,22447.0,-1.19,상
2022-11-18,21979.0,-2.08,상
2022-11-21,22093.0,0.52,상
2022-11-22,22195.0,0.46,상
2022-11-23,22430.0,1.06,상
2022-11-24,22372.0,-0.26,상
2022-11-25,22372.0,0.0,상
2022-11-28,22256.0,-0.52,상
2022-11-29,22356.0,0.45,상
2022-11-30,22352.0,-0.02,상
2022-11-30,22352.0,0.0,상
2022-12-01,22352.0,0.0,상
2022-12-05,22272.0,-0.36,상
2022-12-06,22265.0,-0.03,상
2022-12-07,22265.0,0.0,상
2022-12-08,22066.0,-0.89,상
2022-12-09,22016.0,-0.23,상
2022-12-12,22016.0,0.0,상
2022-12-13,22137.0,0.55,상
2022-12-14,22124.0,-0.06,상
2022-12-15,22089.0,-0.16,상
2022-12-16,22089.0,0.0,상
2022-12-19,21944.0,-0.66,상
2022-12-20,21858.0,-0.39,상
2022-12-21,21712.0,-0.67,상
2022-12-22,21562.0,-0.69,상
2022-12-23,21562.0,0.0,상
2022-12-26,21730.0,0.78,상
2022-12-27,21436.0,-1.35,상
2022-12-28,21516.0,0.37,상
2022-12-29,21817.0,1.4,상
2022-12-30,21817.0,0.0,상
2023-01-02,22223.0,1.86,상
2023-01-03,22427.0,0.92,상
2023-01-04,22391.0,-0.16,상
2023-01-05,22423.0,0.14,상
2023-01-06,22332.0,-0.41,상
2023-01-09,22115.0,-0.97,상
2023-01-10,22079.0,-0.16,상
2023-01-11,21900.0,-0.81,상
2023-01-12,22149.0,1.14,상
2023-01-13,25656.0,15.83,상
2023-01-16,25644.0,-0.05,상
2023-01-17,25542.0,-0.4,상
2023-01-18,26953.0,5.52,상
2023-01-19,26979.0,0.1,상
2023-01-20,28063.0,4.02,상
2023-01-25,25101.0,-10.55,상
2023-01-26,22215.0,-11.5,상
2023-01-27,22653.0,1.97,상
2023-01-30,22473.0,-0.79,상
2023-01-31,22549.0,0.34,상
2023-02-01,22549.0,0.0,상
2023-02-02,22510.0,-0.17,상
2023-02-03,22716.0,0.92,상
2023-02-06,22688.0,-0.12,상
2023-02-07,22641.0,-0.21,상
2023-02-08,22495.0,-0.64,상
2023-02-09,22927.0,1.92,상
2023-02-10,23102.0,0.76,상
2023-02-13,23054.0,-0.21,상
2023-02-14,22890.0,-0.71,상
2023-02-15,23184.0,1.28,상
2023-02-16,23174.0,-0.04,상
2023-02-17,23174.0,0.0,상
2023-02-20,23179.0,0.02,상
2023-02-21,23117.0,-0.27,상
2023-02-22,23063.0,-0.23,상
2023-02-23,23045.0,-0.08,상
2023-02-24,23019.0,-0.11,상
2023-02-27,22951.0,-0.3,상
2023-02-28,22851.0,-0.44,상
2023-03-02,22880.0,0.13,상
2023-03-03,22920.0,0.17,상
2023-03-06,22851.0,-0.3,상
2023-03-07,22851.0,0.0,상
2023-03-08,22987.0,0.6,상
2023-03-09,22916.0,-0.31,상
2023-03-10,22777.0,-0.61,상
2023-03-13,22777.0,0.0,상
2023-03-14,22630.0,-0.65,상
2023-03-15,22630.0,0.0,상
2023-03-16,22803.0,0.76,상
2023-03-17,22792.0,-0.05,상
2023-03-20,22861.0,0.3,상
2023-03-21,22787.0,-0.32,상
2023-03-22,22966.0,0.79,상
2023-03-23,23022.0,0.24,상
2023-03-24,23022.0,0.0,상
2023-03-27,22809.0,-0.93,상
2023-03-28,22672.0,-0.6,상
2023-03-29,22605.0,-0.3,상
2023-03-30,23023.0,1.85,상
2023-03-31,23063.0,0.17,상
2023-04-03,23188.0,0.54,상
2023-04-04,23188.0,0.0,상
2023-04-05,23271.0,0.36,상
2023-04-06,23357.0,0.37,상
2023-04-07,23357.0,0.0,상
2023-04-10,23357.0,0.0,상
2023-04-11,23055.0,-1.29,상
2023-04-12,23025.0,-0.13,상
2023-04-13,22792.0,-1.01,상
2023-04-14,22637.0,-0.68,상
2023-04-17,22637.0,0.0,상
2023-04-18,22546.0,-0.4,상
2023-04-19,22610.0,0.28,상
2023-04-20,22803.0,0.85,상
2023-04-21,22550.0,-1.11,상
2023-04-24,22550.0,0.0,상
2023-04-25,22553.0,0.01,상
2023-04-26,22531.0,-0.1,상
2023-04-27,24074.0,6.85,상
2023-04-28,24091.0,0.07,상
2023-04-28,24091.0,0.0,상
2023-05-02,24031.0,-0.25,상
2023-05-03,23929.0,-0.42,상
2023-05-04,23687.0,-1.01,상
2023-05-08,23633.0,-0.23,상
2023-05-09,23918.0,1.21,상
2023-05-10,23984.0,0.28,상
2023-05-11,23916.0,-0.28,상
2023-05-12,24456.0,2.26,상
2023-05-15,24366.0,-0.37,상
2023-05-16,24474.0,0.44,상
2023-05-17,24352.0,-0.5,상
2023-05-18,24058.0,-1.21,상
2023-05-19,24104.0,0.19,상
2023-05-22,23918.0,-0.77,상
2023-05-23,24014.0,0.4,상
2023-05-24,24252.0,0.99,상
2023-05-25,24991.0,3.05,상
2023-05-26,24992.0,0.0,상
2023-05-30,25007.0,0.06,상
2023-05-31,25014.0,0.03,상
2023-06-01,23823.0,-4.76,상
2023-06-02,23549.0,-1.15,상
2023-06-05,23092.0,-1.94,상
2023-06-07,23325.0,1.01,상
2023-06-08,23752.0,1.83,상
2023-06-09,23742.0,-0.04,상
2023-06-12,23723.0,-0.08,상
2023-06-13,23765.0,0.18,상
2023-06-14,23763.0,-0.01,상
2023-06-15,23913.0,0.63,상
2023-06-16,24122.0,0.87,상
2023-06-19,24312.0,0.79,상
2023-06-20,24406.0,0.39,상
2023-06-21,24583.0,0.73,상
2023-06-22,25247.0,2.7,상
2023-06-23,25490.0,0.96,상
2023-06-26,25751.0,1.02,상
2023-06-27,25751.0,0.0,상
2023-06-28,25751.0,0.0,상
2023-06-29,26656.0,3.51,상
2023-06-30,26663.0,0.03,상
2023-07-03,27885.0,4.58,상
2023-07-04,28276.0,1.4,상
2023-07-05,28541.0,0.94,상
2023-07-06,28298.0,-0.85,상
2023-07-07,28503.0,0.72,상
2023-07-10,29053.0,1.93,상
2023-07-11,29053.0,0.0,상
2023-07-12,28617.0,-1.5,상
2023-07-13,28371.0,-0.86,상
2023-07-14,27859.0,-1.8,상
2023-07-17,28257.0,1.43,상
2023-07-18,27949.0,-1.09,상
2023-07-19,27939.0,-0.04,상
2023-07-20,28012.0,0.26,상
2023-07-21,28172.0,0.57,상
2023-07-24,29073.0,3.2,상
2023-07-25,29005.0,-0.23,상
2023-07-26,28925.0,-0.28,상
2023-07-27,28822.0,-0.36,상
2023-07-28,28674.0,-0.51,상
2023-07-31,29404.0,2.55,상
2023-08-01,28963.0,-1.5,상
2023-08-02,28963.0,0.0,상
2023-08-03,29185.0,0.77,상
2023-08-04,29200.0,0.05,상
2023-08-07,29847.0,2.22,상
2023-08-08,30449.0,2.02,상
2023-08-09,30523.0,0.24,상
2023-10-23,33847.0,0.0,상
2023-10-24,33169.0,-2.0,상
2023-10-25,33500.0,1.0,상
2023-10-26,30715.0,-8.31,상
2023-10-27,30484.0,-0.75,상
2023-10-30,28041.0,-8.01,상
2023-10-31,27724.0,-1.13,상
2023-11-01,27223.0,-1.81,상
2023-11-02,27380.0,0.58,상
2023-11-03,27452.0,0.26,상
2023-11-06,28825.0,5.0,상
2023-11-07,29063.0,0.83,상
2023-11-08,29168.0,0.36,상
2023-11-09,26044.0,-10.71,상
2023-11-10,25478.0,-2.17,상
2023-11-13,25450.0,-0.11,상
2023-11-14,25322.0,-0.5,상
2023-11-15,25390.0,0.27,상
2023-11-16,25565.0,0.69,상
2023-11-17,27219.0,6.47,상
2023-11-20,26952.0,-0.98,상
2023-11-21,26866.0,-0.32,상
2023-11-22,27330.0,1.73,상
2023-11-23,28051.0,2.64,상
2023-11-24,28442.0,1.39,상
2023-11-27,28512.0,0.25,상
2023-11-28,28168.0,-1.21,상
2023-11-29,28328.0,0.57,상
2023-11-30,28095.0,-0.82,상
2023-12-04,27987.0,-0.38,상
2023-12-05,27987.0,0.0,상
2023-12-06,28274.0,1.03,상
2023-12-07,27213.0,-3.75,상
2023-12-08,27500.0,1.05,상
2023-12-11,27610.0,0.4,상
2023-12-12,27505.0,-0.38,상
2023-12-13,27500.0,-0.02,상
2023-12-14,27399.0,-0.37,상
2023-12-15,27437.0,0.14,상
2023-12-18,28114.0,2.47,상
2023-12-19,28232.0,0.42,상
2023-12-20,28176.0,-0.2,상
2023-12-21,28093.0,-0.29,상
2023-12-22,28222.0,0.46,상
2023-12-26,28018.0,-0.72,상
2023-12-27,28179.0,0.57,상
2023-12-28,29807.0,5.78,상
2023-12-29,29249.0,-1.87,상
2023-12-29,29249.0,0.0,상
2024-01-02,29672.0,1.45,상
2024-01-03,29593.0,-0.27,상
2024-01-04,28699.0,-3.02,상
2024-01-05,29100.0,1.4,상
2024-01-08,29097.0,-0.01,상
2024-01-09,29476.0,1.3,상
2024-01-10,29004.0,-1.6,상
2024-01-11,26718.0,-7.88,상
2024-01-12,26088.0,-2.36,상
2024-01-15,25916.0,-0.66,상
2024-01-16,25779.0,-0.53,상
2024-01-17,25953.0,0.67,상
2024-01-18,28258.0,8.88,상
2024-01-19,28903.0,2.28,상
2024-01-22,27416.0,-5.14,상
2024-01-23,27365.0,-0.19,상
2024-01-24,27483.0,0.43,상
2024-01-25,29187.0,6.2,상
2024-01-26,27708.0,-5.07,상
2024-01-29,25823.0,-6.8,상
2024-01-30,25992.0,0.65,상
2024-01-31,25842.0,-0.58,상
2024-02-01,24535.0,-5.06,상
2024-02-02,24925.0,1.59,상
2024-02-05,25197.0,1.09,상
2024-02-06,25263.0,0.26,상
2024-02-07,25297.0,0.13,상
2024-02-08,25243.0,-0.21,상
2024-02-13,29398.0,16.46,상
2024-02-14,29044.0,-1.2,상
2024-02-15,29737.0,2.39,상
2024-02-16,29715.0,-0.07,상
2024-02-19,29338.0,-1.27,상
2024-02-20,29361.0,0.08,상
2024-02-21,29475.0,0.39,상
2024-02-22,29193.0,-0.96,상
2024-02-23,29235.0,0.14,상
2024-02-26,29299.0,0.22,상
2024-02-27,29309.0,0.03,상
2024-02-28,29467.0,0.54,상
2024-02-29,29088.0,-1.29,상
2024-03-04,29758.0,2.3,상
2024-03-05,29698.0,-0.2,상
2024-03-06,29600.0,-0.33,상
2024-03-07,30877.0,4.31,상
2024-03-08,30079.0,-2.58,상
2024-03-11,30008.0,-0.24,상
2024-03-12,30097.0,0.3,상
2024-03-13,30105.0,0.03,상
2024-03-14,27680.0,-8.06,상
2024-03-15,27424.0,-0.92,상
2024-03-18,24148.0,-11.95,상
2024-03-19,23725.0,-1.75,상
2024-03-20,23776.0,0.21,상
2024-03-21,24041.0,1.11,상
2024-03-22,24250.0,0.87,상
2024-03-25,24919.0,2.76,상
2024-03-26,24901.0,-0.07,상
2024-03-27,24890.0,-0.04,상
2024-03-28,25374.0,1.94,상
2024-03-29,24707.0,-2.63,상
2024-04-01,24671.0,-0.15,상
2024-04-02,24606.0,-0.26,상
2024-04-03,24825.0,0.89,상
2024-04-04,24736.0,-0.36,상
2024-04-05,24286.0,-1.82,상
2024-04-08,25115.0,3.41,상
2024-04-09,24220.0,-3.56,상
2024-04-11,24150.0,-0.29,상
2024-04-12,23793.0,-1.48,상
2024-04-15,25017.0,5.14,상
2024-04-16,24354.0,-2.65,상
2024-04-17,24318.0,-0.15,상
2024-04-18,24115.0,-0.83,상
2024-04-19,24086.0,-0.12,상
2024-04-22,24385.0,1.24,상
2024-04-23,23931.0,-1.86,상
2024-04-24,23868.0,-0.26,상
2024-04-25,26128.0,9.47,상
2024-04-26,26964.0,3.2,상
2024-04-29,27144.0,0.67,상
2024-04-30,27133.0,-0.04,상
2024-05-02,27669.0,1.98,상
2024-05-03,26851.0,-2.96,상
2024-05-07,26677.0,-0.65,상
2024-05-08,26819.0,0.53,상
2024-05-09,28743.0,7.17,상
2024-05-10,29223.0,1.67,상
2024-05-13,29310.0,0.3,상
2024-05-14,29374.0,0.22,상
2024-05-16,32343.0,10.11,상
2024-05-17,31944.0,-1.23,상
2024-05-20,31608.0,-1.05,상
2024-05-21,31696.0,0.28,상
2024-05-22,31594.0,-0.32,상
2024-05-23,32500.0,2.87,상
2024-05-24,32262.0,-0.73,상
2024-05-27,32258.0,-0.01,상
2024-05-28,32402.0,0.45,상
2024-05-29,32358.0,-0.14,상
2024-05-30,31958.0,-1.24,상
2024-05-31,31480.0,-1.5,상
2024-05-31,31480.0,0.0,상
2024-06-03,31976.0,1.58,상
2024-06-04,31971.0,-0.02,상
2024-06-05,31848.0,-0.38,상
2024-06-07,33524.0,5.26,상
2024-06-10,33371.0,-0.46,상
2024-06-11,33396.0,0.07,상
2024-06-12,33396.0,0.0,상
2024-06-13,34602.0,3.61,상
2024-06-14,33572.0,-2.98,상
2024-06-17,33877.0,0.91,상
2024-06-18,33940.0,0.19,상
2024-06-19,33894.0,-0.14,상
2024-06-20,33613.0,-0.83,상
2024-06-21,33831.0,0.65,상
2024-06-24,33971.0,0.41,상
2024-06-25,34185.0,0.63,상
2024-06-26,34125.0,-0.18,상
2024-06-27,34363.0,0.7,상
2024-06-28,33927.0,-1.27,상
2024-07-01,34041.0,0.34,상
2024-07-02,34282.0,0.71,상
2024-07-03,33476.0,-2.35,상
2024-07-04,34322.0,2.53,상
2024-07-05,33090.0,-3.59,상
2024-07-08,32847.0,-0.73,상
2024-07-09,32945.0,0.3,상
2024-07-10,32853.0,-0.28,상
2024-07-11,30824.0,-6.18,상
2024-07-12,29822.0,-3.25,상
2024-07-15,30804.0,3.29,상
2024-07-16,30898.0,0.31,상
2024-07-17,31102.0,0.66,상
2024-07-18,31090.0,-0.04,상
2024-07-19,30342.0,-2.41,상
2024-07-22,31396.0,3.47,상
2024-07-23,31544.0,0.47,상
2024-07-24,31421.0,-0.39,상
2024-07-25,30871.0,-1.75,상
2024-07-26,30152.0,-2.33,상
2024-07-29,30094.0,-0.19,상
2024-07-30,29965.0,-0.43,상
2024-07-31,29888.0,-0.26,상
2024-08-01,30133.0,0.82,상
2024-08-02,30535.0,1.33,상
2024-08-05,30174.0,-1.18,상
2024-08-06,30024.0,-0.5,상
2024-08-07,29276.0,-2.49,상
2024-08-08,28869.0,-1.39,상
2024-08-09,29200.0,1.15,상
2024-08-12,28112.0,-3.73,상
2024-08-13,28000.0,-0.4,상
2024-08-14,28014.0,0.05,상
2024-08-16,30946.0,10.47,상
2024-08-19,33189.0,7.25,상
2024-08-20,30636.0,-7.69,상
2024-08-21,32575.0,6.33,상
2024-10-30,25735.0,-21.0,상
2024-10-31,27291.0,0.0,상
2024-10-31,27291.0,6.05,상
2024-11-01,24687.0,-9.54,상
2024-11-04,25019.0,1.34,상
2024-11-05,24842.0,-0.71,상
2024-11-06,24541.0,-1.21,상
2024-11-07,24096.0,-1.81,상
2024-11-08,24320.0,0.93,상
2024-11-11,23920.0,-1.64,상
2024-11-12,24166.0,1.03,상
2024-11-13,24188.0,0.09,상
2024-11-14,25020.0,3.44,상
2024-11-15,24976.0,-0.18,상
2024-11-18,24924.0,-0.21,상
2024-11-19,25070.0,0.59,상
2024-11-20,25080.0,0.04,상
2024-11-21,24830.0,-1.0,상
2024-11-22,24264.0,-2.28,상
2024-11-25,24210.0,-0.22,상
2024-11-26,24360.0,0.62,상
2024-11-27,24561.0,0.83,상
2024-11-28,25998.0,5.85,상
2024-11-29,26250.0,0.97,상
2024-12-02,26324.0,0.28,상
2024-12-03,26176.0,-0.56,상
2024-12-04,25990.0,-0.71,상
2024-12-05,26032.0,0.16,상
2024-12-09,26076.0,0.17,상
2024-12-10,26166.0,0.35,상
2024-12-11,26330.0,0.63,상
2024-12-12,26418.0,0.33,상
2024-12-13,25960.0,-1.73,상
2024-12-16,25762.0,-0.76,상
2024-12-17,25678.0,-0.33,상
2024-12-18,25869.0,0.74,상
2024-12-19,25450.0,-1.62,상
2024-12-20,25718.0,1.05,상
2024-12-23,25832.0,0.44,상
2024-12-24,25734.0,-0.38,상
2024-12-26,26667.0,3.63,상
2024-12-27,27061.0,1.48,상
2024-12-30,26959.0,-0.38,상
2024-12-31,26981.0,0.08,상
2025-01-02,26333.0,-2.4,상
2025-01-03,26257.0,-0.29,상
2025-01-06,26829.0,2.18,상
2025-01-07,26720.0,-0.41,상
2025-01-08,27100.0,1.42,상
2025-01-09,26094.0,-3.71,상
2025-01-10,26668.0,2.2,상
2025-01-13,26730.0,0.23,상
2025-01-14,26786.0,0.21,상
2025-01-15,27284.0,1.86,상
2025-01-16,28176.0,3.27,상
2025-01-17,27426.0,-2.66,상
2025-01-20,26616.0,-2.95,상
2025-01-21,26386.0,-0.86,상
2025-01-22,26354.0,-0.12,상
2025-01-23,26758.0,1.53,상
2025-01-24,26872.0,0.43,상
2025-01-31,28468.0,5.94,상
2025-02-03,29462.0,3.49,상
2025-02-04,29610.0,0.5,상
2025-02-05,29322.0,-0.97,상
2025-02-06,29064.0,-0.88,상
2025-02-07,29032.0,-0.11,상
2025-02-10,28802.0,-0.79,상
2025-02-11,28340.0,-1.6,상
2025-02-12,27762.0,-2.04,상
2025-02-13,27498.0,-0.95,상
2025-02-14,26942.0,-2.02,상
2025-02-17,27374.0,1.6,상
2025-02-18,27620.0,0.9,상
2025-02-19,27402.0,-0.79,상
2025-02-20,27252.0,-0.55,상
2025-02-21,27370.0,0.43,상
2025-02-24,27602.0,0.85,상
2025-02-25,27394.0,-0.75,상
2025-02-26,27132.0,-0.96,상
2025-02-27,26655.0,-1.76,상
2025-02-28,27041.0,1.45,상
2025-03-04,27210.0,0.62,상
2025-03-05,27131.0,-0.29,상
2025-03-06,27440.0,1.14,상
2025-03-07,27454.0,0.05,상
2025-03-10,27596.0,0.52,상
2025-03-11,27750.0,0.56,상
2025-03-12,27654.0,-0.35,상
2025-03-13,27200.0,-1.64,상
2025-03-14,27222.0,0.08,상
2025-03-17,27208.0,-0.05,상
2025-03-18,27046.0,-0.6,상
2025-03-19,27046.0,0.0,상
2025-03-20,28488.0,5.33,상
2025-03-21,28312.0,-0.62,상
2025-03-24,27914.0,-1.41,상
2025-03-25,27490.0,-1.52,상
2025-03-26,27404.0,-0.31,상
2025-03-27,27766.0,1.32,상
2025-03-28,27848.0,0.3,상
2025-03-31,28172.0,0.0,상
2025-03-31,28172.0,1.16,상
2025-04-01,28438.0,0.94,상
2025-04-02,28634.0,0.69,상
2025-04-03,29052.0,1.46,상
2025-04-04,28186.0,-2.98,상
2025-04-07,29092.0,3.21,상
2025-04-08,28774.0,-1.09,상
2025-04-09,29134.0,1.25,상
2025-04-10,28472.0,-2.27,상
2025-04-11,28456.0,-0.06,상
2025-04-14,28420.0,-0.13,상
2025-04-15,28572.0,0.53,상
2025-04-16,28588.0,0.06,상
2025-04-17,28458.0,-0.45,상
2025-04-18,28492.0,0.12,상
2025-04-21,28818.0,1.14,상
2025-04-22,28846.0,0.1,상
2025-04-23,28760.0,-0.3,상
2025-04-24,27398.0,-4.74,상
2025-04-25,27180.0,-0.8,상
2025-04-28,27012.0,-0.62,상
2025-04-29,27068.0,0.21,상
2025-04-30,26862.0,-0.76,상
2025-05-02,26084.0,-2.9,상
2025-05-07,26312.0,0.87,상
2025-05-08,26478.0,0.63,상
2025-05-09,26900.0,1.59,상
2025-05-12,26782.0,-0.44,상
2025-05-13,26850.0,0.25,상
2025-05-14,27052.0,0.75,상
2025-05-15,27364.0,1.15,상
2025-05-16,26792.0,-2.09,상
2025-05-19,26764.0,-0.1,상
2025-05-20,26718.0,-0.17,상
2025-05-21,27006.0,1.08,상
2025-05-22,26654.0,-1.3,상
2025-05-23,26280.0,-1.4,상
2025-05-26,26272.0,-0.03,상
2025-05-27,26354.0,0.31,상
2025-05-28,26694.0,1.29,상
2025-05-29,25278.0,-5.3,상
2025-05-30,25072.0,-0.81,상
2025-06-02,25152.0,0.32,상
2025-06-04,24876.0,-1.1,상
2025-06-05,27642.0,11.12,상
2025-06-09,28290.0,2.34,상
2025-06-10,28006.0,-1.0,상
2025-06-11,28316.0,1.11,상
2025-06-12,28804.0,1.72,상
2025-06-13,29108.0,1.06,상
2025-06-16,28836.0,-0.93,상
2025-06-17,29044.0,0.72,상
2025-06-18,29164.0,0.41,상
2025-06-19,29356.0,0.66,상
2025-06-20,29096.0,-0.89,상
2025-06-23,28674.0,-1.45,상
2025-06-24,28580.0,-0.33,상
2025-06-25,28784.0,0.71,상
2025-06-26,28712.0,-0.25,상
2025-06-27,28578.0,-0.47,상
2025-06-30,28458.0,-0.42,상
2025-07-01,28620.0,0.57,상
2025-07-02,28314.0,-1.07,상
2025-07-03,28588.0,0.97,상
2025-07-04,28652.0,0.22,상
2025-07-07,29278.0,2.18,상
2025-07-08,29132.0,-0.5,상
2025-07-09,29410.0,0.95,상
2025-07-10,28614.0,-2.71,상
2025-07-11,28072.0,-1.89,상
2025-07-14,28674.0,2.14,상
2025-07-15,28676.0,0.01,상
2025-07-16,28462.0,-0.75,상
2025-07-17,27954.0,-1.78,상
2025-07-18,27678.0,-0.99,상
2025-07-21,27816.0,0.5,상
2025-07-22,27849.0,0.12,상
2025-07-23,27769.0,-0.29,상
2025-07-24,27596.0,-0.62,상
2025-07-25,27720.0,0.45,상
2025-07-28,28161.0,1.59,상
2025-07-29,28248.0,0.31,상
2025-07-30,28176.0,-0.25,상
2025-07-31,30183.0,7.12,상
2025-08-01,29702.0,-1.59,상
2025-08-04,29991.0,0.97,상
2025-08-05,30308.0,1.06,상
2025-08-06,31061.0,2.48,상
2025-08-07,31248.0,0.6,상
2025-08-08,31551.0,0.97,상
2025-08-11,32129.0,1.83,상
2025-08-12,32612.0,1.5,상
2025-08-13,33085.0,1.45,상
2025-08-14,35214.0,6.43,상
2025-08-18,35407.0,0.55,상
2025-08-19,35220.0,-0.53,상
2025-08-20,35220.0,0.0,상
2025-08-21,35220.0,0.0,상
2025-08-22,35171.0,-0.14,상
2025-08-25,35315.0,0.41,상
2025-08-26,33270.0,-5.79,상
2025-08-27,33389.0,0.36,상
2025-10-29,28544.0,0.0,상
2025-10-30,26495.0,-7.18,상
2025-10-31,26784.0,1.09,상
2025-11-03,27906.0,4.19,상
2025-11-04,27971.0,0.23,상
2025-11-05,27981.0,0.04,상
2025-11-06,26779.0,-4.3,상
2025-11-07,26423.0,-1.33,상
2025-11-10,26858.0,1.65,상
2025-11-11,26198.0,-2.46,상
2025-11-12,25698.0,-1.91,상
2025-11-13,26676.0,3.81,상
2025-11-14,26569.0,-0.4,상
2025-11-17,26567.0,-0.01,상
2025-11-18,26586.0,0.07,상
2025-11-19,26626.0,0.15,상
2025-11-20,26040.0,-2.2,상
2025-11-21,25480.0,-2.15,상
2025-11-24,25512.0,0.13,상
2025-11-25,25170.0,-1.34,상
2025-11-26,25052.0,-0.47,상
2025-11-27,27378.0,9.28,상
2025-11-28,27515.0,0.5,상
2025-12-01,27667.0,0.55,상
2025-12-02,27765.0,0.35,상
2025-12-03,27618.0,-0.53,상
2025-12-04,28204.0,2.12,상
2025-12-08,28409.0,0.73,상
2025-12-09,28238.0,-0.6,상
2025-12-10,28094.0,-0.51,상
2025-12-11,26578.0,-5.4,상
2025-12-12,26367.0,-0.79,상
2025-12-15,26669.0,1.15,상
2025-12-16,26747.0,0.29,상
2025-12-17,27048.0,1.13,상
2025-12-18,27639.0,2.19,상
2025-12-19,27660.0,0.08,상
2025-12-22,27842.0,0.66,상
2025-12-23,27672.0,-0.61,상
2025-12-24,27498.0,-0.63,상
2025-12-26,27586.0,0.32,상
2025-12-29,27552.0,-0.12,상
2025-12-30,28022.0,1.71,상
2025-12-31,28592.0,2.03,상
2026-01-02,27940.0,-2.28,상
2026-01-05,27873.0,-0.24,상
2026-01-06,27702.0,-0.61,상
2026-01-07,27519.0,-0.66,상
2026-01-08,28133.0,2.23,상
2026-01-09,28371.0,0.85,상
2026-01-12,28080.0,-1.03,상
2026-01-13,27952.0,-0.46,상
2026-01-14,27984.0,0.11,상
2026-01-15,27739.0,-0.88,상
2026-01-16,27543.0,-0.71,상
2026-01-19,27300.0,-0.88,상
2026-01-20,27584.0,1.04,상
2026-01-21,28118.0,1.94,상
2026-01-22,27928.0,-0.68,상
2026-01-23,27410.0,-1.85,상
2026-01-26,27028.0,-1.39,상
2026-01-27,27102.0,0.27,상
2026-01-28,27096.0,-0.02,상
2026-01-29,27830.0,2.71,상
2026-01-30,27668.0,0.0,상
2026-01-30,27668.0,-0.58,상
2026-02-02,27810.0,0.51,상
2026-02-03,28110.0,1.08,상
2026-02-04,28268.0,0.56,상
2026-02-05,27628.0,-2.26,상
2026-02-06,27636.0,0.03,상
2026-02-09,27432.0,-0.74,상
2026-02-10,27338.0,-0.34,상
2026-02-11,27480.0,0.52,상
2026-02-12,28530.0,3.82,상
2026-02-13,28582.0,0.18,상
2026-02-19,29498.0,3.2,상
2026-02-20,29390.0,-0.37,상
2026-02-23,29352.0,-0.13,상
2026-02-24,29452.0,0.34,상
2026-02-25,29332.0,-0.41,상
2026-02-26,29348.0,0.05,상
2026-02-27,28618.0,-2.49,상
2026-03-03,28486.0,-0.46,상
2026-03-04,28108.0,-1.33,상
2026-03-05,28294.0,0.66,상
2026-03-06,28155.0,-0.49,상
2026-03-09,28596.0,1.57,상
2026-03-10,28655.0,0.21,상
2026-03-11,28556.0,-0.35,상
2026-03-12,28592.0,0.13,상
2026-03-13,28480.0,-0.39,상
2026-03-16,28402.0,-0.27,상
2026-03-17,28282.0,-0.42,상
2026-03-18,28038.0,-0.86,상
2026-03-19,28132.0,0.34,상
2026-03-20,28126.0,-0.02,상
2026-03-23,27916.0,-0.75,상
2026-03-24,27916.0,0.0,상
2026-03-25,28070.0,0.55,상
2026-03-26,28492.0,1.5,상
2026-03-27,28454.0,-0.13,상
2026-03-30,28454.0,0.0,상
2026-03-31,28142.0,-1.1,상
2026-04-01,26630.0,-5.37,상
2026-04-02,27826.0,4.49,상
2026-04-03,28252.0,1.53,상
2026-04-06,29172.0,3.26,상
2026-04-07,29272.0,0.34,상
2026-04-08,29156.0,-0.4,상
2026-04-09,28910.0,-0.84,상
2026-04-10,28678.0,-0.8,상
2026-04-13,28820.0,0.5,상
2026-04-14,28863.0,0.15,상
2026-04-15,28771.0,-0.32,상
2026-04-16,27824.0,-3.29,상
2026-04-17,27253.0,-2.05,상
2026-04-20,27944.0,2.54,상
2026-04-21,28518.0,2.05,상
2026-04-22,28432.0,-0.3,상
2026-04-23,26983.0,-5.1,상
2026-04-24,26962.0,-0.08,상
2026-04-27,26828.0,-0.5,상
2026-04-28,27206.0,1.41,상
2026-04-29,27257.0,0.19,상
2026-04-30,27258.0,0.0,상
2026-05-04,27512.0,0.93,상
2026-05-06,27540.0,0.1,상
2026-05-07,27722.0,0.66,상
2026-05-08,27640.0,-0.3,상
2026-05-11,27335.0,-1.1,상
2026-05-12,27546.0,0.77,상
2026-05-13,27338.0,-0.76,상
2026-05-14,27308.0,-0.11,상
2026-05-15,26981.0,-1.2,상
2026-05-18,26282.0,-2.59,상
2026-05-19,26353.0,0.27,상
2026-05-20,26573.0,0.83,상
2026-05-21,25808.0,-2.88,상
2026-05-22,25796.0,-0.05,상
2026-05-26,25944.0,0.57,상
2026-05-27,25824.0,-0.46,상
2026-05-28,27550.0,6.68,상
2026-05-29,27318.0,-0.84,상
2019-12-31,13059.0,0.0,중
2020-01-02,13039.0,-0.15,중
2020-01-03,12928.0,-0.85,중
2020-01-06,13094.0,1.28,중
2020-01-07,13128.0,0.26,중
2020-01-08,13028.0,-0.76,중
2020-01-09,13185.0,1.21,중
2020-01-10,13164.0,-0.16,중
2020-01-13,13326.0,1.23,중
2020-01-14,13605.0,2.09,중
2020-01-15,13689.0,0.62,중
2020-01-16,13794.0,0.77,중
2020-01-17,14079.0,2.07,중
2020-01-20,14079.0,0.0,중
2020-01-21,14163.0,0.6,중
2020-01-22,14163.0,0.0,중
2020-01-23,14163.0,0.0,중
2020-01-28,14219.0,0.4,중
2020-01-29,14115.0,-0.73,중
2020-01-30,14102.0,-0.09,중
2020-01-31,14128.0,0.18,중
2020-02-03,14146.0,0.13,중
2020-02-04,14022.0,-0.88,중
2020-02-05,14006.0,-0.11,중
2020-02-06,14357.0,2.51,중
2020-02-07,14403.0,0.32,중
2020-02-10,14120.0,-1.96,중
2020-02-11,14120.0,0.0,중
2020-02-12,14120.0,0.0,중
2020-02-13,14210.0,0.64,중
2020-02-14,14254.0,0.31,중
2020-02-17,14159.0,-0.67,중
2020-02-18,14131.0,-0.2,중
2020-02-19,14131.0,0.0,중
2020-02-20,14610.0,3.39,중
2020-02-21,14617.0,0.05,중
2020-02-24,14894.0,1.9,중
2020-02-25,14990.0,0.64,중
2020-02-26,14765.0,-1.5,중
2020-02-27,14554.0,-1.43,중
2020-02-28,14299.0,-1.75,중
2020-03-02,14191.0,-0.76,중
2020-03-03,14327.0,0.96,중
2020-03-04,14327.0,0.0,중
2020-03-05,13987.0,-2.37,중
2020-03-06,13944.0,-0.31,중
2020-03-09,14047.0,0.74,중
2020-03-10,14069.0,0.16,중
2020-03-11,14069.0,0.0,중
2020-03-12,14130.0,0.43,중
2020-03-13,14177.0,0.33,중
2020-03-16,14589.0,2.91,중
2020-03-17,14567.0,-0.15,중
2020-03-18,14605.0,0.26,중
2020-03-19,14929.0,2.22,중
2020-03-20,14763.0,-1.11,중
2020-03-23,14763.0,0.0,중
2020-03-24,14763.0,0.0,중
2020-03-25,14763.0,0.0,중
2020-03-26,14506.0,-1.74,중
2020-03-27,14506.0,0.0,중
2020-03-30,14358.0,-1.02,중
2020-03-31,14267.0,-0.63,중
2020-04-01,14350.0,0.58,중
2020-04-02,14088.0,-1.83,중
2020-04-03,13992.0,-0.68,중
2020-04-06,13812.0,-1.29,중
2020-04-07,13812.0,0.0,중
2020-04-08,13782.0,-0.22,중
2020-04-09,14399.0,4.48,중
2020-04-10,14244.0,-1.08,중
2020-04-13,14586.0,2.4,중
2020-04-14,14651.0,0.45,중
2020-04-16,14909.0,1.76,중
2020-04-17,14843.0,-0.44,중
2020-04-20,15425.0,3.92,중
2020-04-21,15425.0,0.0,중
2020-04-22,15463.0,0.25,중
2020-04-23,16427.0,6.23,중
2020-04-24,16427.0,0.0,중
2020-04-27,16319.0,-0.66,중
2020-04-28,16170.0,-0.91,중
2020-04-29,16238.0,0.42,중
2020-05-04,16357.0,0.73,중
2020-05-06,16392.0,0.21,중
2020-05-07,16862.0,2.87,중
2020-05-08,16862.0,0.0,중
2020-05-11,16925.0,0.37,중
2020-05-12,16975.0,0.3,중
2020-05-13,16836.0,-0.82,중
2020-05-14,17203.0,2.18,중
2020-05-15,17531.0,1.91,중
2020-05-18,17450.0,-0.46,중
2020-05-19,17428.0,-0.13,중
2020-05-20,17428.0,0.0,중
2020-05-21,17191.0,-1.36,중
2020-05-22,17191.0,0.0,중
2020-05-25,17144.0,-0.27,중
2020-05-26,17118.0,-0.15,중
2020-05-27,17081.0,-0.22,중
2020-05-28,17021.0,-0.35,중
2020-05-29,17051.0,0.0,중
2020-05-29,17051.0,0.18,중
2020-06-01,17127.0,0.45,중
2020-06-02,17271.0,0.84,중
2020-06-03,17345.0,0.43,중
2020-06-04,17389.0,0.25,중
2020-06-05,17387.0,-0.01,중
2020-06-08,17313.0,-0.43,중
2020-06-09,17211.0,-0.59,중
2020-06-10,17295.0,0.49,중
2020-06-11,17795.0,2.89,중
2020-06-12,17251.0,-3.06,중
2020-06-15,17803.0,3.2,중
2020-06-16,17803.0,0.0,중
2020-06-17,17808.0,0.03,중
2020-06-18,18447.0,3.59,중
2020-06-19,18447.0,0.0,중
2020-06-22,18806.0,1.95,중
2020-06-23,18849.0,0.23,중
2020-06-24,18960.0,0.59,중
2020-06-25,19256.0,1.56,중
2020-06-26,19208.0,-0.25,중
2020-06-29,19312.0,0.54,중
2020-06-30,19364.0,0.27,중
2020-07-01,19364.0,0.0,중
2020-07-02,19024.0,-1.76,중
2020-07-03,18893.0,-0.69,중
2020-07-06,18531.0,-1.92,중
2020-07-07,18668.0,0.74,중
2020-07-08,18697.0,0.16,중
2020-07-09,19275.0,3.09,중
2020-07-10,19306.0,0.16,중
2020-07-13,19389.0,0.43,중
2020-07-14,19483.0,0.48,중
2020-07-15,19323.0,-0.82,중
2020-07-16,19543.0,1.14,중
2020-07-17,19662.0,0.61,중
2020-07-20,19662.0,0.0,중
2020-07-21,19742.0,0.41,중
2020-07-22,19623.0,-0.6,중
2020-07-23,19668.0,0.23,중
2020-07-24,19668.0,0.0,중
2020-07-27,19707.0,0.2,중
2020-07-28,19735.0,0.14,중
2020-07-29,19735.0,0.0,중
2020-07-30,21114.0,6.99,중
2020-07-31,21513.0,1.89,중
2020-08-03,21691.0,0.83,중
2020-08-04,21823.0,0.61,중
2020-08-05,21823.0,0.0,중
2020-08-06,21935.0,0.51,중
2020-08-07,22090.0,0.71,중
2020-08-10,22246.0,0.71,중
2020-08-11,22079.0,-0.75,중
2020-08-12,22079.0,0.0,중
2020-08-13,23586.0,6.83,중
2020-08-14,23586.0,0.0,중
2020-08-18,23515.0,-0.3,중
2020-08-19,22744.0,-3.28,중
2020-08-20,21893.0,-3.74,중
2020-08-21,21911.0,0.08,중
2020-08-24,21911.0,0.0,중
2020-08-25,20415.0,-6.83,중
2020-08-26,19756.0,-3.23,중
2020-08-27,19900.0,0.73,중
2020-10-23,22571.0,13.42,중
2020-10-26,22400.0,-0.76,중
2020-10-27,21707.0,-3.09,중
2020-10-28,21880.0,0.8,중
2020-10-29,21704.0,-0.8,중
2020-10-30,21645.0,-0.27,중
2020-10-30,21645.0,0.0,중
2020-11-02,21762.0,0.54,중
2020-11-03,21568.0,-0.89,중
2020-11-04,21769.0,0.93,중
2020-11-05,21145.0,-2.87,중
2020-11-06,21086.0,-0.28,중
2020-11-09,20820.0,-1.26,중
2020-11-10,20561.0,-1.24,중
2020-11-11,20369.0,-0.93,중
2020-11-12,19863.0,-2.48,중
2020-11-13,19796.0,-0.34,중
2020-11-16,19873.0,0.39,중
2020-11-17,19905.0,0.16,중
2020-11-18,19955.0,0.25,중
2020-11-19,20178.0,1.12,중
2020-11-20,20190.0,0.06,중
2020-11-23,20158.0,-0.16,중
2020-11-24,20158.0,0.0,중
2020-11-25,19947.0,-1.05,중
2020-11-26,18831.0,-5.59,중
2020-11-27,18640.0,-1.01,중
2020-11-30,18640.0,0.0,중
2020-12-01,18558.0,-0.44,중
2020-12-02,18558.0,0.0,중
2020-12-03,18156.0,-2.17,중
2020-12-07,18097.0,-0.32,중
2020-12-08,18248.0,0.83,중
2020-12-09,18248.0,0.0,중
2020-12-10,18109.0,-0.76,중
2020-12-11,18166.0,0.31,중
2020-12-14,18372.0,1.13,중
2020-12-15,18538.0,0.9,중
2020-12-16,18594.0,0.3,중
2020-12-17,19013.0,2.25,중
2020-12-18,19242.0,1.2,중
2020-12-21,19889.0,3.36,중
2020-12-22,19889.0,0.0,중
2020-12-23,19823.0,-0.33,중
2020-12-24,20243.0,2.12,중
2020-12-28,19918.0,-1.61,중
2020-12-29,19672.0,-1.24,중
2020-12-30,19660.0,-0.06,중
2020-12-31,19713.0,0.27,중
2021-01-04,20050.0,1.71,중
2021-01-05,19992.0,-0.29,중
2021-01-06,20226.0,1.17,중
2021-01-07,20061.0,-0.82,중
2021-01-08,19891.0,-0.85,중
2021-01-11,19891.0,0.0,중
2021-01-12,20080.0,0.95,중
2021-01-13,20755.0,3.36,중
2021-01-14,20178.0,-2.78,중
2021-01-15,20513.0,1.66,중
2021-01-18,21041.0,2.57,중
2021-01-19,21335.0,1.4,중
2021-01-20,21407.0,0.34,중
2021-01-21,22673.0,5.91,중
2021-01-22,22673.0,0.0,중
2021-01-25,23126.0,2.0,중
2021-01-26,23126.0,0.0,중
2021-01-27,23897.0,3.33,중
2021-01-28,25047.0,4.81,중
2021-01-29,24857.0,-0.76,중
2021-02-01,24857.0,0.0,중
2021-02-02,25095.0,0.96,중
2021-02-03,25266.0,0.68,중
2021-02-04,25391.0,0.49,중
2021-02-05,25248.0,-0.56,중
2021-02-08,25206.0,-0.17,중
2021-02-09,25426.0,0.87,중
2021-02-10,25426.0,0.0,중
2021-02-15,25129.0,-1.17,중
2021-02-16,25028.0,-0.4,중
2021-02-17,25028.0,0.0,중
2021-02-18,24792.0,-0.94,중
2021-02-19,24600.0,-0.77,중
2021-02-22,24842.0,0.98,중
2021-02-23,24654.0,-0.76,중
2021-02-24,24846.0,0.78,중
2021-02-25,25300.0,1.83,중
2021-02-26,25112.0,-0.74,중
2021-03-02,24520.0,-2.36,중
2021-03-03,24435.0,-0.35,중
2021-03-04,24029.0,-1.66,중
2021-03-05,23915.0,-0.47,중
2021-03-08,23807.0,-0.45,중
2021-03-09,23886.0,0.33,중
2021-03-10,23653.0,-0.98,중
2021-03-11,23266.0,-1.64,중
2021-03-12,23341.0,0.32,중
2021-03-15,23341.0,0.0,중
2021-03-16,23552.0,0.9,중
2021-03-17,23467.0,-0.36,중
2021-03-18,23728.0,1.11,중
2021-03-19,23894.0,0.7,중
2021-03-22,24535.0,2.68,중
2021-03-23,24535.0,0.0,중
2021-03-24,24535.0,0.0,중
2021-03-25,24003.0,-2.17,중
2021-03-26,23848.0,-0.65,중
2021-03-29,23848.0,0.0,중
2021-03-30,23848.0,0.0,중
2021-03-31,23942.0,0.0,중
2021-03-31,23942.0,0.39,중
2021-04-01,24391.0,1.88,중
2021-04-02,24505.0,0.47,중
2021-04-05,24283.0,-0.91,중
2021-04-06,24442.0,0.65,중
2021-04-07,24958.0,2.11,중
2021-04-08,24981.0,0.09,중
2021-04-09,25046.0,0.26,중
2021-04-12,25353.0,1.23,중
2021-04-13,25353.0,0.0,중
2021-04-14,25353.0,0.0,중
2021-04-15,25548.0,0.77,중
2021-04-16,25479.0,-0.27,중
2021-04-19,25653.0,0.68,중
2021-04-20,25653.0,0.0,중
2021-04-21,25653.0,0.0,중
2021-04-22,25480.0,-0.67,중
2021-04-23,25480.0,0.0,중
2021-04-26,25480.0,0.0,중
2021-04-27,25480.0,0.0,중
2021-04-28,25480.0,0.0,중
2021-04-29,25857.0,1.48,중
2021-04-30,25674.0,-0.71,중
2021-05-03,25761.0,0.34,중
2021-05-04,25761.0,0.0,중
2021-05-06,25389.0,-1.44,중
2021-05-07,25822.0,1.71,중
2021-05-10,25692.0,-0.5,중
2021-05-11,25692.0,0.0,중
2021-05-12,25692.0,0.0,중
2021-05-13,25363.0,-1.28,중
2021-05-14,25345.0,-0.07,중
2021-05-17,25345.0,0.0,중
2021-05-18,25345.0,0.0,중
2021-05-20,25592.0,0.97,중
2021-05-21,25592.0,0.0,중
2021-05-24,25592.0,0.0,중
2021-05-25,25592.0,0.0,중
2021-05-26,25592.0,0.0,중
2021-05-27,25280.0,-1.22,중
2021-05-28,25048.0,-0.92,중
2021-05-31,25048.0,0.0,중
2021-06-01,24786.0,-1.05,중
2021-06-02,24689.0,-0.39,중
2021-06-03,24689.0,0.0,중
2021-06-04,24861.0,0.7,중
2021-06-07,24713.0,-0.6,중
2021-06-08,25010.0,1.2,중
2021-06-09,25010.0,0.0,중
2021-06-10,24307.0,-2.81,중
2021-06-11,24307.0,0.0,중
2021-06-14,24601.0,1.21,중
2021-06-15,24805.0,0.83,중
2021-06-16,24764.0,-0.17,중
2021-06-17,24761.0,-0.01,중
2021-06-18,25011.0,1.01,중
2021-06-21,25011.0,0.0,중
2021-06-22,24998.0,-0.05,중
2021-06-23,24894.0,-0.42,중
2021-06-24,24492.0,-1.61,중
2021-06-25,24880.0,1.58,중
2021-06-28,24846.0,-0.14,중
2021-06-29,25069.0,0.9,중
2021-06-30,24673.0,-1.58,중
2021-07-01,25248.0,2.33,중
2021-07-02,25155.0,-0.37,중
2021-07-05,24607.0,-2.18,중
2021-07-06,24442.0,-0.67,중
2021-07-07,24459.0,0.07,중
2021-07-08,25058.0,2.45,중
2021-07-09,25050.0,-0.03,중
2021-07-12,24794.0,-1.02,중
2021-07-13,24794.0,0.0,중
2021-07-14,25096.0,1.22,중
2021-07-15,25527.0,1.72,중
2021-07-16,25578.0,0.2,중
2021-07-19,25828.0,0.98,중
2021-07-20,25107.0,-2.79,중
2021-07-21,25107.0,0.0,중
2021-07-22,25561.0,1.81,중
2021-07-23,25216.0,-1.35,중
2021-07-26,24411.0,-3.19,중
2021-07-27,24435.0,0.1,중
2021-07-28,24435.0,0.0,중
2021-07-29,23433.0,-4.1,중
2021-07-30,23113.0,-1.37,중
2021-08-02,23061.0,-0.22,중
2021-08-03,22957.0,-0.45,중
2021-08-04,22770.0,-0.81,중
2021-08-05,22499.0,-1.19,중
2021-08-06,22533.0,0.15,중
2021-08-09,22651.0,0.52,중
2021-08-10,22119.0,-2.35,중
2021-08-11,22160.0,0.19,중
2021-08-12,22219.0,0.27,중
2021-08-13,21781.0,-1.97,중
2021-08-17,21242.0,-2.47,중
2021-08-18,20200.0,-4.91,중
2021-08-19,20883.0,3.38,중
2021-08-20,21511.0,3.01,중
2021-08-23,21511.0,0.0,중
2021-08-24,21647.0,0.63,중
2021-08-25,21957.0,1.43,중
2021-11-03,19130.0,0.0,중
2021-11-04,19280.0,0.78,중
2021-11-05,18411.0,-4.51,중
2021-11-08,18327.0,-0.46,중
2021-11-09,18502.0,0.95,중
2021-11-10,18667.0,0.89,중
2021-11-11,16022.0,-14.17,중
2021-11-12,15702.0,-2.0,중
2021-11-15,15476.0,-1.44,중
2021-11-16,15385.0,-0.59,중
2021-11-17,15246.0,-0.9,중
2021-11-18,15273.0,0.18,중
2021-11-19,15143.0,-0.85,중
2021-11-22,15385.0,1.6,중
2021-11-23,15456.0,0.46,중
2021-11-24,15344.0,-0.72,중
2021-11-25,16346.0,6.53,중
2021-11-26,16355.0,0.06,중
2021-11-29,16548.0,1.18,중
2021-11-30,16596.0,0.29,중
2021-12-01,16659.0,0.38,중
2021-12-02,16386.0,-1.64,중
2021-12-06,16476.0,0.55,중
2021-12-07,16545.0,0.42,중
2021-12-08,16763.0,1.32,중
2021-12-09,15699.0,-6.35,중
2021-12-10,15625.0,-0.47,중
2021-12-13,15719.0,0.6,중
2021-12-14,15686.0,-0.21,중
2021-12-15,15629.0,-0.36,중
2021-12-16,16422.0,5.07,중
2021-12-17,16399.0,-0.14,중
2021-12-20,16523.0,0.76,중
2021-12-21,16529.0,0.04,중
2021-12-22,16678.0,0.9,중
2021-12-23,16898.0,1.32,중
2021-12-24,16912.0,0.08,중
2021-12-27,16899.0,-0.08,중
2021-12-28,16955.0,0.33,중
2021-12-29,17027.0,0.42,중
2021-12-30,17058.0,0.18,중
2021-12-31,17330.0,1.59,중
2022-01-03,17173.0,-0.91,중
2022-01-04,17208.0,0.2,중
2022-01-05,17088.0,-0.7,중
2022-01-06,17091.0,0.02,중
2022-01-07,17391.0,1.76,중
2022-01-10,17749.0,2.06,중
2022-01-11,17745.0,-0.02,중
2022-01-12,17793.0,0.27,중
2022-01-13,17851.0,0.33,중
2022-01-14,17988.0,0.77,중
2022-01-17,17992.0,0.02,중
2022-01-18,17992.0,0.0,중
2022-01-19,18045.0,0.29,중
2022-01-20,18337.0,1.62,중
2022-01-21,18102.0,-1.28,중
2022-01-24,17972.0,-0.72,중
2022-01-25,18151.0,1.0,중
2022-01-26,18151.0,0.0,중
2022-01-27,18674.0,2.88,중
2022-01-28,18745.0,0.38,중
2023-12-29,23006.0,0.0,중
2024-01-02,23624.0,2.69,중
2024-01-03,23542.0,-0.35,중
2024-01-04,22653.0,-3.78,중
2024-01-05,22705.0,0.23,중
2024-01-08,22303.0,-1.77,중
2024-01-09,22374.0,0.32,중
2024-01-10,22295.0,-0.35,중
2024-01-11,21850.0,-2.0,중
2024-01-12,22802.0,4.36,중
2024-01-15,23054.0,1.11,중
2024-01-16,23304.0,1.08,중
2024-01-17,23143.0,-0.69,중
2024-01-18,21886.0,-5.43,중
2024-01-19,21109.0,-3.55,중
2024-01-22,21050.0,-0.28,중
2024-01-23,20919.0,-0.62,중
2024-01-24,20884.0,-0.17,중
2024-01-25,22791.0,9.13,중
2024-01-26,22749.0,-0.18,중
2024-01-29,21313.0,-6.31,중
2024-01-30,21452.0,0.65,중
2024-01-31,21383.0,-0.32,중
2024-02-01,21624.0,1.13,중
2024-02-02,22065.0,2.04,중
2024-02-05,22493.0,1.94,중
2024-02-06,22696.0,0.9,중
2024-02-07,22705.0,0.04,중
2024-02-08,22947.0,1.07,중
2024-02-13,24054.0,4.82,중
2024-02-14,23874.0,-0.75,중
2024-02-15,23005.0,-3.64,중
2024-02-16,22944.0,-0.27,중
2024-02-19,22960.0,0.07,중
2024-02-20,22849.0,-0.48,중
2024-02-21,22816.0,-0.14,중
2024-02-22,23031.0,0.94,중
2024-02-23,22707.0,-1.41,중
2024-02-26,22766.0,0.26,중
2024-02-27,22841.0,0.33,중
2024-02-28,22967.0,0.55,중
2024-02-29,23548.0,2.53,중
2024-03-04,23865.0,1.35,중
2024-03-05,24100.0,0.98,중
2024-03-06,23933.0,-0.69,중
2024-03-07,23365.0,-2.37,중
2024-03-08,23027.0,-1.45,중
2024-03-11,23293.0,1.16,중
2024-03-12,23224.0,-0.3,중
2024-03-13,23258.0,0.15,중
2024-03-14,21574.0,-7.24,중
2024-03-15,21655.0,0.38,중
2024-03-18,20370.0,-5.93,중
2024-03-19,20686.0,1.55,중
2024-03-20,20335.0,-1.7,중
2024-03-21,20110.0,-1.11,중
2024-03-22,20306.0,0.97,중
2024-03-25,20900.0,2.93,중
2024-03-26,20615.0,-1.36,중
2024-03-27,20523.0,-0.45,중
2024-03-28,21222.0,3.41,중
2024-03-29,20814.0,-1.92,중
2024-04-01,20636.0,-0.86,중
2024-04-02,20828.0,0.93,중
2024-04-03,20770.0,-0.28,중
2024-04-04,19717.0,-5.07,중
2024-04-05,19268.0,-2.28,중
2024-04-08,20591.0,6.87,중
2024-04-09,19853.0,-3.58,중
2024-04-11,20405.0,2.78,중
2024-04-12,20324.0,-0.4,중
2024-04-15,20755.0,2.12,중
2024-04-16,20508.0,-1.19,중
2024-04-17,20396.0,-0.55,중
2024-04-18,20527.0,0.64,중
2024-04-19,20142.0,-1.88,중
2024-04-22,20035.0,-0.53,중
2024-04-23,20184.0,0.74,중
2024-04-24,20016.0,-0.83,중
2024-04-25,22666.0,13.24,중
2024-04-26,23141.0,2.1,중
2024-04-29,23086.0,-0.24,중
2024-04-30,22960.0,-0.55,중
2024-05-02,23707.0,3.25,중
2024-05-03,22709.0,-4.21,중
2024-05-07,22657.0,-0.23,중
2024-05-08,22324.0,-1.47,중
2024-05-09,24015.0,7.57,중
2024-05-10,23326.0,-2.87,중
2024-05-13,23033.0,-1.26,중
2024-05-14,23095.0,0.27,중
2024-05-16,25368.0,9.84,중
2024-05-17,24952.0,-1.64,중
2024-05-20,24795.0,-0.63,중
2024-05-21,25086.0,1.17,중
2024-05-22,25117.0,0.12,중
2024-05-23,25435.0,1.27,중
2024-05-24,25271.0,-0.64,중
2024-05-27,25268.0,-0.01,중
2024-05-28,25268.0,0.0,중
2024-05-29,25232.0,-0.14,중
2024-05-30,26880.0,6.53,중
2024-05-31,26520.0,-1.34,중
2024-05-31,26520.0,0.0,중
2024-06-03,26393.0,-0.48,중
2024-06-04,26748.0,1.35,중
2024-06-05,26480.0,-1.0,중
2024-06-07,24407.0,-7.83,중
2024-06-10,24414.0,0.03,중
2024-06-11,24365.0,-0.2,중
2024-06-12,24365.0,0.0,중
2024-06-13,25014.0,2.66,중
2024-06-14,24132.0,-3.53,중
2024-06-17,24191.0,0.24,중
2024-06-18,24187.0,-0.02,중
2024-06-19,23889.0,-1.23,중
2024-06-20,24193.0,1.27,중
2024-06-21,24661.0,1.93,중
2024-06-24,24911.0,1.01,중
2024-06-25,24998.0,0.35,중
2024-06-26,24851.0,-0.59,중
2024-06-27,24823.0,-0.11,중
2024-06-28,24753.0,-0.28,중
2024-07-01,24969.0,0.87,중
2024-07-02,25217.0,0.99,중
2024-07-03,24776.0,-1.75,중
2024-07-04,24352.0,-1.71,중
2024-07-05,24105.0,-1.01,중
2024-07-08,24300.0,0.81,중
2024-07-09,24480.0,0.74,중
2024-07-10,24216.0,-1.08,중
2024-07-11,23600.0,-2.54,중
2024-07-12,22605.0,-4.22,중
2024-07-15,23583.0,4.33,중
2024-07-16,23695.0,0.47,중
2024-07-17,23480.0,-0.91,중
2024-07-18,23278.0,-0.86,중
2024-07-19,22576.0,-3.02,중
2024-07-22,23479.0,4.0,중
2024-07-23,23415.0,-0.27,중
2024-07-24,23085.0,-1.41,중
2024-07-25,22430.0,-2.84,중
2024-07-26,21801.0,-2.8,중
2024-07-29,22040.0,1.1,중
2024-07-30,21754.0,-1.3,중
2024-07-31,21604.0,-0.69,중
2024-08-01,21858.0,1.18,중
2024-08-02,22246.0,1.78,중
2024-08-05,21930.0,-1.42,중
2024-08-06,21930.0,0.0,중
2024-08-07,21471.0,-2.09,중
2024-08-08,21108.0,-1.69,중
2024-08-09,21167.0,0.28,중
2024-08-12,21279.0,0.53,중
2024-08-13,21218.0,-0.29,중
2024-08-14,20987.0,-1.09,중
2024-08-16,22244.0,5.99,중
2024-08-19,22387.0,0.64,중
2024-08-20,21875.0,-2.29,중
2024-08-21,21688.0,-0.85,중
2024-10-30,18886.0,-12.92,중
2024-10-31,18927.0,0.22,중
2024-10-31,18927.0,0.0,중
2024-11-01,18067.0,-4.54,중
2024-11-04,18253.0,1.03,중
2024-11-05,18129.0,-0.68,중
2024-11-06,18159.0,0.17,중
2024-11-07,17953.0,-1.13,중
2024-11-08,18077.0,0.69,중
2024-11-11,17980.0,-0.54,중
2024-11-12,17942.0,-0.21,중
2024-11-13,17681.0,-1.45,중
2024-11-14,18439.0,4.29,중
2024-11-15,18389.0,-0.27,중
2024-11-18,18391.0,0.01,중
2024-11-19,18648.0,1.4,중
2024-11-20,18632.0,-0.09,중
2024-11-21,18793.0,0.86,중
2024-11-22,18385.0,-2.17,중
2024-11-25,18449.0,0.35,중
2024-11-26,18301.0,-0.8,중
2024-11-27,18412.0,0.61,중
2024-11-28,18386.0,-0.14,중
2024-11-29,18659.0,1.48,중
2024-12-02,19079.0,2.25,중
2024-12-03,19126.0,0.25,중
2024-12-04,19221.0,0.5,중
2024-12-05,19009.0,-1.1,중
2024-12-09,19275.0,1.4,중
2024-12-10,19263.0,-0.06,중
2024-12-11,19408.0,0.75,중
2024-12-12,20083.0,3.48,중
2024-12-13,19264.0,-4.08,중
2024-12-16,19077.0,-0.97,중
2024-12-17,18839.0,-1.25,중
2024-12-18,18876.0,0.2,중
2024-12-19,18043.0,-4.41,중
2024-12-20,18528.0,2.69,중
2024-12-23,18298.0,-1.24,중
2024-12-24,18239.0,-0.32,중
2024-12-26,18796.0,3.05,중
2024-12-27,19019.0,1.19,중
2024-12-30,18998.0,-0.11,중
2024-12-31,19577.0,3.05,중
2025-01-02,19398.0,-0.91,중
2025-01-03,19004.0,-2.03,중
2025-01-06,19554.0,2.89,중
2025-01-07,19638.0,0.43,중
2025-01-08,19460.0,-0.91,중
2025-01-09,18898.0,-2.89,중
2025-01-10,18678.0,-1.16,중
2025-01-13,19691.0,5.42,중
2025-01-14,20130.0,2.23,중
2025-01-15,20334.0,1.01,중
2025-01-16,19707.0,-3.08,중
2025-01-17,19555.0,-0.77,중
2025-01-20,18743.0,-4.15,중
2025-01-21,18846.0,0.55,중
2025-01-22,18784.0,-0.33,중
2025-01-23,19200.0,2.21,중
2025-01-24,19345.0,0.76,중
2025-01-31,20276.0,4.81,중
2025-02-03,20697.0,2.08,중
2025-02-04,20553.0,-0.7,중
2025-02-05,20400.0,-0.74,중
2025-02-06,21344.0,4.63,중
2025-02-07,21390.0,0.22,중
2025-02-10,21556.0,0.78,중
2025-02-11,21369.0,-0.87,중
2025-02-12,21395.0,0.12,중
2025-02-13,20929.0,-2.18,중
2025-02-14,21169.0,1.15,중
2025-02-17,21219.0,0.24,중
2025-02-18,21225.0,0.03,중
2025-02-19,21336.0,0.52,중
2025-02-20,21726.0,1.83,중
2025-02-21,21800.0,0.34,중
2025-02-24,21543.0,-1.18,중
2025-02-25,21533.0,-0.05,중
2025-02-26,21712.0,0.83,중
2025-02-27,20793.0,-4.23,중
2025-02-28,21078.0,1.37,중
2025-03-04,21151.0,0.35,중
2025-03-05,20980.0,-0.81,중
2025-03-06,21595.0,2.93,중
2025-03-07,21642.0,0.22,중
2025-03-10,21700.0,0.27,중
2025-03-11,21683.0,-0.08,중
2025-03-12,21573.0,-0.51,중
2025-03-13,21165.0,-1.89,중
2025-03-14,21077.0,-0.42,중
2025-03-17,21205.0,0.61,중
2025-03-18,21195.0,-0.05,중
2025-03-19,21236.0,0.19,중
2025-03-20,21720.0,2.28,중
2025-03-21,21476.0,-1.12,중
2025-03-24,21123.0,-1.64,중
2025-03-25,20891.0,-1.1,중
2025-03-26,20878.0,-0.06,중
2025-03-27,21507.0,3.01,중
2025-03-28,21089.0,-1.94,중
2025-03-31,21481.0,1.86,중
2025-03-31,21481.0,0.0,중
2025-04-01,21864.0,1.78,중
2025-04-02,21924.0,0.27,중
2025-04-03,21848.0,-0.35,중
2025-04-04,21218.0,-2.88,중
2025-04-07,21993.0,3.65,중
2025-04-08,21724.0,-1.22,중
2025-04-09,22111.0,1.78,중
2025-04-10,21511.0,-2.71,중
2025-04-11,21450.0,-0.28,중
2025-04-14,21972.0,2.43,중
2025-04-15,21998.0,0.12,중
2025-04-16,22081.0,0.38,중
2025-04-17,22230.0,0.67,중
2025-04-18,21900.0,-1.48,중
2025-04-21,21796.0,-0.47,중
2025-04-22,21850.0,0.25,중
2025-04-23,21935.0,0.39,중
2025-04-24,20351.0,-7.22,중
2025-04-25,19496.0,-4.2,중
2025-04-28,19869.0,1.91,중
2025-04-29,19798.0,-0.36,중
2025-04-30,19782.0,-0.08,중
2025-05-02,19810.0,0.14,중
2025-05-07,20413.0,3.04,중
2025-05-08,20190.0,-1.09,중
2025-05-09,20563.0,1.85,중
2025-05-12,20580.0,0.08,중
2025-05-13,20645.0,0.32,중
2025-05-14,20862.0,1.05,중
2025-05-15,21010.0,0.71,중
2025-05-16,20117.0,-4.25,중
2025-05-19,19864.0,-1.26,중
2025-05-20,20290.0,2.14,중
2025-05-21,20333.0,0.21,중
2025-05-22,18925.0,-6.92,중
2025-05-23,18558.0,-1.94,중
2025-05-26,18540.0,-0.1,중
2025-05-27,18529.0,-0.06,중
2025-05-28,18668.0,0.75,중
2025-05-29,19325.0,3.52,중
2025-05-30,19384.0,0.31,중
2025-06-02,19349.0,-0.18,중
2025-06-04,19640.0,1.5,중
2025-06-05,21237.0,8.13,중
2025-06-09,21949.0,3.35,중
2025-06-10,22259.0,1.41,중
2025-06-11,22391.0,0.59,중
2025-06-12,22056.0,-1.5,중
2025-06-13,21625.0,-1.95,중
2025-06-16,21611.0,-0.06,중
2025-06-17,21814.0,0.94,중
2025-06-18,22016.0,0.93,중
2025-06-19,21991.0,-0.11,중
2025-06-20,21896.0,-0.43,중
2025-06-23,21487.0,-1.87,중
2025-06-24,21347.0,-0.65,중
2025-06-25,21391.0,0.21,중
2025-06-26,21215.0,-0.82,중
2025-06-27,21140.0,-0.35,중
2025-06-30,21073.0,-0.32,중
2025-07-01,21125.0,0.25,중
2025-07-02,21229.0,0.49,중
2025-07-03,22069.0,3.96,중
2025-07-04,22115.0,0.21,중
2025-07-07,22456.0,1.54,중
2025-07-08,22409.0,-0.21,중
2025-07-09,22568.0,0.71,중
2025-07-10,21843.0,-3.21,중
2025-07-11,21609.0,-1.07,중
2025-07-14,22160.0,2.55,중
2025-07-15,22141.0,-0.09,중
2025-07-16,22106.0,-0.16,중
2025-07-17,21686.0,-1.9,중
2025-07-18,21868.0,0.84,중
2025-07-21,22068.0,0.91,중
2025-07-22,22078.0,0.05,중
2025-07-23,21956.0,-0.55,중
2025-07-24,21850.0,-0.48,중
2025-07-25,22065.0,0.98,중
2025-07-28,22485.0,1.9,중
2025-07-29,22435.0,-0.22,중
2025-07-30,22379.0,-0.25,중
2025-07-31,23313.0,4.17,중
2025-08-01,23358.0,0.19,중
2025-08-04,23627.0,1.15,중
2025-08-05,23705.0,0.33,중
2025-08-06,24521.0,3.44,중
2025-08-07,24783.0,1.07,중
2025-08-08,25346.0,2.27,중
2025-08-11,24948.0,-1.57,중
2025-08-12,24961.0,0.05,중
2025-08-13,25061.0,0.4,중
2025-08-14,26100.0,4.15,중
2025-08-18,25692.0,-1.56,중
2025-08-19,25900.0,0.81,중
2025-08-20,27033.0,4.37,중
2025-08-21,27033.0,0.0,중
2025-08-22,27033.0,0.0,중
2025-08-25,26900.0,-0.49,중
2025-10-30,17716.0,0.0,중
2025-10-31,17627.0,-0.5,중
2025-11-03,20210.0,14.65,중
2025-11-04,19815.0,-1.95,중
2025-11-05,20004.0,0.95,중
2025-11-06,19125.0,-4.39,중
2025-11-07,19292.0,0.87,중
2025-11-10,19595.0,1.57,중
2025-11-11,19146.0,-2.29,중
2025-11-12,18793.0,-1.84,중
2025-11-13,19752.0,5.1,중
2025-11-14,19674.0,-0.39,중
2025-11-17,19416.0,-1.31,중
2025-11-18,19483.0,0.35,중
2025-11-19,19498.0,0.08,중
2025-11-20,19228.0,-1.38,중
2025-11-21,18600.0,-3.27,중
2025-11-24,18617.0,0.09,중
2025-11-25,18298.0,-1.71,중
2025-11-26,18287.0,-0.06,중
2025-11-27,20011.0,9.43,중
2025-11-28,19761.0,-1.25,중
2025-12-01,19833.0,0.36,중
2025-12-02,20404.0,2.88,중
2025-12-03,20270.0,-0.66,중
2025-12-04,19594.0,-3.33,중
2025-12-08,20113.0,2.65,중
2025-12-09,19962.0,-0.75,중
2025-12-10,20068.0,0.53,중
2025-12-11,19381.0,-3.42,중
2025-12-12,19022.0,-1.85,중
2025-12-15,19293.0,1.42,중
2025-12-16,19327.0,0.18,중
2025-12-17,19459.0,0.68,중
2025-12-18,20384.0,4.75,중
2025-12-19,20372.0,-0.06,중
2025-12-22,20316.0,-0.27,중
2025-12-23,20276.0,-0.2,중
2025-12-24,20118.0,-0.78,중
2025-12-26,20304.0,0.92,중
2025-12-29,20296.0,-0.04,중
2025-12-30,20545.0,1.23,중
2025-12-31,20777.0,1.13,중
2026-01-02,20098.0,-3.27,중
2026-01-05,19904.0,-0.97,중
2026-01-06,20230.0,1.64,중
2026-01-07,20264.0,0.17,중
2026-01-08,21217.0,4.7,중
2026-01-09,21119.0,-0.46,중
2026-01-12,21143.0,0.11,중
2026-01-13,21263.0,0.57,중
2026-01-14,21327.0,0.3,중
2026-01-15,20827.0,-2.34,중
2026-01-16,20731.0,-0.46,중
2026-01-19,20653.0,-0.38,중
2026-01-20,20450.0,-0.98,중
2026-01-21,20389.0,-0.3,중
2026-01-22,19426.0,-4.72,중
2026-01-23,19476.0,0.26,중
2026-01-26,19002.0,-2.43,중
2026-01-27,18916.0,-0.45,중
2026-01-28,18993.0,0.41,중
2026-01-29,20010.0,5.35,중
2026-01-30,19886.0,0.0,중
2026-01-30,19886.0,-0.62,중
2026-02-02,20166.0,1.41,중
2026-02-03,20230.0,0.32,중
2026-02-04,20382.0,0.75,중
2026-02-05,20259.0,-0.6,중
2026-02-06,20352.0,0.46,중
2026-02-09,20173.0,-0.88,중
2026-02-10,20198.0,0.12,중
2026-02-11,20207.0,0.04,중
2026-02-12,21049.0,4.17,중
2026-02-13,21180.0,0.62,중
2026-02-19,21090.0,-0.42,중
2026-02-20,21154.0,0.3,중
2026-02-23,21162.0,0.04,중
2026-02-24,21211.0,0.23,중
2026-02-25,21061.0,-0.71,중
2026-02-26,20540.0,-2.47,중
2026-02-27,20356.0,-0.9,중
2026-03-03,20593.0,1.16,중
2026-03-04,20524.0,-0.34,중
2026-03-05,20667.0,0.7,중
2026-03-06,20789.0,0.59,중
2026-03-09,20796.0,0.03,중
2026-03-10,20907.0,0.53,중
2026-03-11,20861.0,-0.22,중
2026-03-12,20770.0,-0.44,중
2026-03-13,20680.0,-0.43,중
2026-03-16,20689.0,0.04,중
2026-03-17,20826.0,0.66,중
2026-03-18,20770.0,-0.27,중
2026-03-19,21024.0,1.22,중
2026-03-20,20977.0,-0.22,중
2026-03-23,20498.0,-2.28,중
2026-03-24,20437.0,-0.3,중
2026-03-25,20379.0,-0.28,중
2026-03-26,21084.0,3.46,중
2026-03-27,21250.0,0.79,중
2026-03-30,21498.0,1.17,중
2026-03-31,21658.0,0.74,중
2026-04-01,20473.0,-5.47,중
2026-04-02,21083.0,2.98,중
2026-04-03,21098.0,0.07,중
2026-04-06,21950.0,4.04,중
2026-04-07,22191.0,1.1,중
2026-04-08,22064.0,-0.57,중
2026-04-09,22693.0,2.85,중
2026-04-10,22653.0,-0.18,중
2026-04-13,22664.0,0.05,중
2026-04-14,22580.0,-0.37,중
2026-04-15,22548.0,-0.14,중
2026-04-16,21322.0,-5.44,중
2026-04-17,20609.0,-3.34,중
2026-04-20,21743.0,5.5,중
2026-04-21,22476.0,3.37,중
2026-04-22,22313.0,-0.73,중
2026-04-23,21949.0,-1.63,중
2026-04-24,21644.0,-1.39,중
2026-04-27,21669.0,0.12,중
2026-04-28,21669.0,0.0,중
2026-04-29,21658.0,-0.05,중
2026-04-30,20907.0,-3.47,중
2026-05-04,21187.0,1.34,중
2026-05-06,20930.0,-1.21,중
2026-05-07,21728.0,3.81,중
2026-05-08,21561.0,-0.77,중
2026-05-11,21077.0,-2.24,중
2026-05-12,21152.0,0.36,중
2026-05-13,21223.0,0.34,중
2026-05-14,20894.0,-1.55,중
2026-05-15,20489.0,-1.94,중
2026-05-18,19773.0,-3.49,중
2026-05-19,20151.0,1.91,중
2026-05-20,20314.0,0.81,중
2026-05-21,20350.0,0.18,중
2026-05-22,19995.0,-1.74,중
2026-05-26,20173.0,0.89,중
2026-05-27,20316.0,0.71,중
2026-05-28,21598.0,6.31,중
2026-05-29,21280.0,-1.47,중
